length,quantity,year_class,Block
4,0,year0,Caldy
5,0,year0,Caldy
6,0,year0,Caldy
7,0,year0,Caldy
8,0,year0,Caldy
9,0,year0,Caldy
10,0,year0,Caldy
11,0,year0,Caldy
12,0,year0,Caldy
13,0,year0,Caldy
14,0,year0,Caldy
15,0,year0,Caldy
16,0,year0,Caldy
17,0,year0,Caldy
18,0,year0,Caldy
19,0,year0,Caldy
20,0,year0,Caldy
21,0,year0,Caldy
22,0,year0,Caldy
23,0,year0,Caldy
24,0,year0,Caldy
25,0,year0,Caldy
26,0,year0,Caldy
27,0,year0,Caldy
28,0,year0,Caldy
29,0,year0,Caldy
30,0,year0,Caldy
31,0,year0,Caldy
32,0,year0,Caldy
33,0,year0,Caldy
34,0,year0,Caldy
35,0,year0,Caldy
36,0,year0,Caldy
37,0,year0,Caldy
38,0,year0,Caldy
39,0,year0,Caldy
40,0,year0,Caldy
41,0,year0,Caldy
42,0,year0,Caldy
43,0,year0,Caldy
44,0,year0,Caldy
45,0,year0,Caldy
46,0,year0,Caldy
47,0,year0,Caldy
48,0,year0,Caldy
49,0,year0,Caldy
50,0,year0,Caldy
4,0,year1,Caldy
5,0,year1,Caldy
6,0,year1,Caldy
7,0,year1,Caldy
8,0,year1,Caldy
9,0,year1,Caldy
10,0,year1,Caldy
11,0,year1,Caldy
12,0,year1,Caldy
13,0,year1,Caldy
14,0,year1,Caldy
15,0,year1,Caldy
16,26,year1,Caldy
17,26,year1,Caldy
18,26,year1,Caldy
19,106,year1,Caldy
20,237,year1,Caldy
21,317,year1,Caldy
22,449,year1,Caldy
23,607,year1,Caldy
24,739,year1,Caldy
25,264,year1,Caldy
26,449,year1,Caldy
27,132,year1,Caldy
28,26,year1,Caldy
29,0,year1,Caldy
30,26,year1,Caldy
31,0,year1,Caldy
32,0,year1,Caldy
33,0,year1,Caldy
34,0,year1,Caldy
35,0,year1,Caldy
36,0,year1,Caldy
37,0,year1,Caldy
38,0,year1,Caldy
39,0,year1,Caldy
40,0,year1,Caldy
41,0,year1,Caldy
42,0,year1,Caldy
43,0,year1,Caldy
44,0,year1,Caldy
45,0,year1,Caldy
46,0,year1,Caldy
47,0,year1,Caldy
48,0,year1,Caldy
49,0,year1,Caldy
50,0,year1,Caldy
4,0,year2,Caldy
5,0,year2,Caldy
6,0,year2,Caldy
7,0,year2,Caldy
8,0,year2,Caldy
9,0,year2,Caldy
10,0,year2,Caldy
11,0,year2,Caldy
12,0,year2,Caldy
13,0,year2,Caldy
14,0,year2,Caldy
15,0,year2,Caldy
16,0,year2,Caldy
17,0,year2,Caldy
18,0,year2,Caldy
19,0,year2,Caldy
20,4,year2,Caldy
21,0,year2,Caldy
22,4,year2,Caldy
23,4,year2,Caldy
24,13,year2,Caldy
25,26,year2,Caldy
26,9,year2,Caldy
27,44,year2,Caldy
28,39,year2,Caldy
29,65,year2,Caldy
30,57,year2,Caldy
31,48,year2,Caldy
32,31,year2,Caldy
33,13,year2,Caldy
34,0,year2,Caldy
35,0,year2,Caldy
36,0,year2,Caldy
37,0,year2,Caldy
38,0,year2,Caldy
39,0,year2,Caldy
40,0,year2,Caldy
41,0,year2,Caldy
42,0,year2,Caldy
43,0,year2,Caldy
44,0,year2,Caldy
45,0,year2,Caldy
46,0,year2,Caldy
47,0,year2,Caldy
48,0,year2,Caldy
49,0,year2,Caldy
50,0,year2,Caldy
4,0,year0,Mostyn
5,0,year0,Mostyn
6,0,year0,Mostyn
7,0,year0,Mostyn
8,0,year0,Mostyn
9,0,year0,Mostyn
10,0,year0,Mostyn
11,0,year0,Mostyn
12,0,year0,Mostyn
13,0,year0,Mostyn
14,0,year0,Mostyn
15,0,year0,Mostyn
16,0,year0,Mostyn
17,0,year0,Mostyn
18,0,year0,Mostyn
19,0,year0,Mostyn
20,0,year0,Mostyn
21,0,year0,Mostyn
22,0,year0,Mostyn
23,0,year0,Mostyn
24,0,year0,Mostyn
25,0,year0,Mostyn
26,0,year0,Mostyn
27,0,year0,Mostyn
28,0,year0,Mostyn
29,0,year0,Mostyn
30,0,year0,Mostyn
31,0,year0,Mostyn
32,0,year0,Mostyn
33,0,year0,Mostyn
34,0,year0,Mostyn
35,0,year0,Mostyn
36,0,year0,Mostyn
37,0,year0,Mostyn
38,0,year0,Mostyn
39,0,year0,Mostyn
40,0,year0,Mostyn
41,0,year0,Mostyn
42,0,year0,Mostyn
43,0,year0,Mostyn
44,0,year0,Mostyn
45,0,year0,Mostyn
46,0,year0,Mostyn
47,0,year0,Mostyn
48,0,year0,Mostyn
49,0,year0,Mostyn
50,0,year0,Mostyn
4,0,year1,Mostyn
5,0,year1,Mostyn
6,0,year1,Mostyn
7,0,year1,Mostyn
8,12,year1,Mostyn
9,12,year1,Mostyn
10,33,year1,Mostyn
11,21,year1,Mostyn
12,29,year1,Mostyn
13,45,year1,Mostyn
14,33,year1,Mostyn
15,50,year1,Mostyn
16,41,year1,Mostyn
17,33,year1,Mostyn
18,50,year1,Mostyn
19,21,year1,Mostyn
20,25,year1,Mostyn
21,33,year1,Mostyn
22,0,year1,Mostyn
23,0,year1,Mostyn
24,0,year1,Mostyn
25,0,year1,Mostyn
26,0,year1,Mostyn
27,0,year1,Mostyn
28,0,year1,Mostyn
29,0,year1,Mostyn
30,0,year1,Mostyn
31,0,year1,Mostyn
32,0,year1,Mostyn
33,0,year1,Mostyn
34,0,year1,Mostyn
35,0,year1,Mostyn
36,0,year1,Mostyn
37,0,year1,Mostyn
38,0,year1,Mostyn
39,0,year1,Mostyn
40,0,year1,Mostyn
41,0,year1,Mostyn
42,0,year1,Mostyn
43,0,year1,Mostyn
44,0,year1,Mostyn
45,0,year1,Mostyn
46,0,year1,Mostyn
47,0,year1,Mostyn
48,0,year1,Mostyn
49,0,year1,Mostyn
50,0,year1,Mostyn
4,0,year2,Mostyn
5,0,year2,Mostyn
6,0,year2,Mostyn
7,0,year2,Mostyn
8,0,year2,Mostyn
9,0,year2,Mostyn
10,0,year2,Mostyn
11,0,year2,Mostyn
12,0,year2,Mostyn
13,0,year2,Mostyn
14,0,year2,Mostyn
15,0,year2,Mostyn
16,1,year2,Mostyn
17,4,year2,Mostyn
18,5,year2,Mostyn
19,14,year2,Mostyn
20,20,year2,Mostyn
21,5,year2,Mostyn
22,13,year2,Mostyn
23,3,year2,Mostyn
24,16,year2,Mostyn
25,13,year2,Mostyn
26,24,year2,Mostyn
27,28,year2,Mostyn
28,5,year2,Mostyn
29,3,year2,Mostyn
30,3,year2,Mostyn
31,0,year2,Mostyn
32,0,year2,Mostyn
33,0,year2,Mostyn
34,0,year2,Mostyn
35,0,year2,Mostyn
36,0,year2,Mostyn
37,0,year2,Mostyn
38,0,year2,Mostyn
39,0,year2,Mostyn
40,0,year2,Mostyn
41,0,year2,Mostyn
42,0,year2,Mostyn
43,0,year2,Mostyn
44,0,year2,Mostyn
45,0,year2,Mostyn
46,0,year2,Mostyn
47,0,year2,Mostyn
48,0,year2,Mostyn
49,0,year2,Mostyn
50,0,year2,Mostyn
4,0,year0,Mostyn Deep
5,0,year0,Mostyn Deep
6,0,year0,Mostyn Deep
7,0,year0,Mostyn Deep
8,0,year0,Mostyn Deep
9,0,year0,Mostyn Deep
10,0,year0,Mostyn Deep
11,0,year0,Mostyn Deep
12,0,year0,Mostyn Deep
13,0,year0,Mostyn Deep
14,0,year0,Mostyn Deep
15,0,year0,Mostyn Deep
16,0,year0,Mostyn Deep
17,0,year0,Mostyn Deep
18,0,year0,Mostyn Deep
19,0,year0,Mostyn Deep
20,0,year0,Mostyn Deep
21,0,year0,Mostyn Deep
22,0,year0,Mostyn Deep
23,0,year0,Mostyn Deep
24,0,year0,Mostyn Deep
25,0,year0,Mostyn Deep
26,0,year0,Mostyn Deep
27,0,year0,Mostyn Deep
28,0,year0,Mostyn Deep
29,0,year0,Mostyn Deep
30,0,year0,Mostyn Deep
31,0,year0,Mostyn Deep
32,0,year0,Mostyn Deep
33,0,year0,Mostyn Deep
34,0,year0,Mostyn Deep
35,0,year0,Mostyn Deep
36,0,year0,Mostyn Deep
37,0,year0,Mostyn Deep
38,0,year0,Mostyn Deep
39,0,year0,Mostyn Deep
40,0,year0,Mostyn Deep
41,0,year0,Mostyn Deep
42,0,year0,Mostyn Deep
43,0,year0,Mostyn Deep
44,0,year0,Mostyn Deep
45,0,year0,Mostyn Deep
46,0,year0,Mostyn Deep
47,0,year0,Mostyn Deep
48,0,year0,Mostyn Deep
49,0,year0,Mostyn Deep
50,0,year0,Mostyn Deep
4,0,year1,Mostyn Deep
5,0,year1,Mostyn Deep
6,0,year1,Mostyn Deep
7,0,year1,Mostyn Deep
8,0,year1,Mostyn Deep
9,0,year1,Mostyn Deep
10,0,year1,Mostyn Deep
11,0,year1,Mostyn Deep
12,0,year1,Mostyn Deep
13,0,year1,Mostyn Deep
14,0,year1,Mostyn Deep
15,0,year1,Mostyn Deep
16,0,year1,Mostyn Deep
17,0,year1,Mostyn Deep
18,0,year1,Mostyn Deep
19,0,year1,Mostyn Deep
20,1,year1,Mostyn Deep
21,0,year1,Mostyn Deep
22,2,year1,Mostyn Deep
23,0,year1,Mostyn Deep
24,0,year1,Mostyn Deep
25,1,year1,Mostyn Deep
26,2,year1,Mostyn Deep
27,2,year1,Mostyn Deep
28,2,year1,Mostyn Deep
29,3,year1,Mostyn Deep
30,1,year1,Mostyn Deep
31,1,year1,Mostyn Deep
32,2,year1,Mostyn Deep
33,0,year1,Mostyn Deep
34,0,year1,Mostyn Deep
35,1,year1,Mostyn Deep
36,0,year1,Mostyn Deep
37,0,year1,Mostyn Deep
38,0,year1,Mostyn Deep
39,0,year1,Mostyn Deep
40,0,year1,Mostyn Deep
41,0,year1,Mostyn Deep
42,0,year1,Mostyn Deep
43,0,year1,Mostyn Deep
44,0,year1,Mostyn Deep
45,0,year1,Mostyn Deep
46,0,year1,Mostyn Deep
47,0,year1,Mostyn Deep
48,0,year1,Mostyn Deep
49,0,year1,Mostyn Deep
50,0,year1,Mostyn Deep
4,0,year2,Mostyn Deep
5,0,year2,Mostyn Deep
6,0,year2,Mostyn Deep
7,0,year2,Mostyn Deep
8,0,year2,Mostyn Deep
9,0,year2,Mostyn Deep
10,0,year2,Mostyn Deep
11,0,year2,Mostyn Deep
12,0,year2,Mostyn Deep
13,0,year2,Mostyn Deep
14,0,year2,Mostyn Deep
15,0,year2,Mostyn Deep
16,0,year2,Mostyn Deep
17,0,year2,Mostyn Deep
18,0,year2,Mostyn Deep
19,0,year2,Mostyn Deep
20,0,year2,Mostyn Deep
21,0,year2,Mostyn Deep
22,0,year2,Mostyn Deep
23,0,year2,Mostyn Deep
24,0,year2,Mostyn Deep
25,0,year2,Mostyn Deep
26,0,year2,Mostyn Deep
27,4,year2,Mostyn Deep
28,0,year2,Mostyn Deep
29,17,year2,Mostyn Deep
30,4,year2,Mostyn Deep
31,13,year2,Mostyn Deep
32,39,year2,Mostyn Deep
33,69,year2,Mostyn Deep
34,26,year2,Mostyn Deep
35,95,year2,Mostyn Deep
36,78,year2,Mostyn Deep
37,39,year2,Mostyn Deep
38,35,year2,Mostyn Deep
39,9,year2,Mostyn Deep
40,0,year2,Mostyn Deep
41,4,year2,Mostyn Deep
42,0,year2,Mostyn Deep
43,0,year2,Mostyn Deep
44,0,year2,Mostyn Deep
45,0,year2,Mostyn Deep
46,0,year2,Mostyn Deep
47,0,year2,Mostyn Deep
48,0,year2,Mostyn Deep
49,0,year2,Mostyn Deep
50,0,year2,Mostyn Deep
4,0,year0,No 3 Buoy
5,0,year0,No 3 Buoy
6,0,year0,No 3 Buoy
7,0,year0,No 3 Buoy
8,0,year0,No 3 Buoy
9,0,year0,No 3 Buoy
10,0,year0,No 3 Buoy
11,0,year0,No 3 Buoy
12,0,year0,No 3 Buoy
13,0,year0,No 3 Buoy
14,0,year0,No 3 Buoy
15,0,year0,No 3 Buoy
16,0,year0,No 3 Buoy
17,0,year0,No 3 Buoy
18,0,year0,No 3 Buoy
19,0,year0,No 3 Buoy
20,0,year0,No 3 Buoy
21,0,year0,No 3 Buoy
22,0,year0,No 3 Buoy
23,0,year0,No 3 Buoy
24,0,year0,No 3 Buoy
25,0,year0,No 3 Buoy
26,0,year0,No 3 Buoy
27,0,year0,No 3 Buoy
28,0,year0,No 3 Buoy
29,0,year0,No 3 Buoy
30,0,year0,No 3 Buoy
31,0,year0,No 3 Buoy
32,0,year0,No 3 Buoy
33,0,year0,No 3 Buoy
34,0,year0,No 3 Buoy
35,0,year0,No 3 Buoy
36,0,year0,No 3 Buoy
37,0,year0,No 3 Buoy
38,0,year0,No 3 Buoy
39,0,year0,No 3 Buoy
40,0,year0,No 3 Buoy
41,0,year0,No 3 Buoy
42,0,year0,No 3 Buoy
43,0,year0,No 3 Buoy
44,0,year0,No 3 Buoy
45,0,year0,No 3 Buoy
46,0,year0,No 3 Buoy
47,0,year0,No 3 Buoy
48,0,year0,No 3 Buoy
49,0,year0,No 3 Buoy
50,0,year0,No 3 Buoy
4,0,year1,No 3 Buoy
5,0,year1,No 3 Buoy
6,0,year1,No 3 Buoy
7,0,year1,No 3 Buoy
8,0,year1,No 3 Buoy
9,0,year1,No 3 Buoy
10,0,year1,No 3 Buoy
11,10,year1,No 3 Buoy
12,17,year1,No 3 Buoy
13,31,year1,No 3 Buoy
14,69,year1,No 3 Buoy
15,100,year1,No 3 Buoy
16,86,year1,No 3 Buoy
17,41,year1,No 3 Buoy
18,10,year1,No 3 Buoy
19,10,year1,No 3 Buoy
20,0,year1,No 3 Buoy
21,0,year1,No 3 Buoy
22,7,year1,No 3 Buoy
23,3,year1,No 3 Buoy
24,3,year1,No 3 Buoy
25,7,year1,No 3 Buoy
26,0,year1,No 3 Buoy
27,3,year1,No 3 Buoy
28,0,year1,No 3 Buoy
29,0,year1,No 3 Buoy
30,0,year1,No 3 Buoy
31,0,year1,No 3 Buoy
32,0,year1,No 3 Buoy
33,0,year1,No 3 Buoy
34,0,year1,No 3 Buoy
35,0,year1,No 3 Buoy
36,0,year1,No 3 Buoy
37,0,year1,No 3 Buoy
38,0,year1,No 3 Buoy
39,0,year1,No 3 Buoy
40,0,year1,No 3 Buoy
41,0,year1,No 3 Buoy
42,0,year1,No 3 Buoy
43,0,year1,No 3 Buoy
44,0,year1,No 3 Buoy
45,0,year1,No 3 Buoy
46,0,year1,No 3 Buoy
47,0,year1,No 3 Buoy
48,0,year1,No 3 Buoy
49,0,year1,No 3 Buoy
50,0,year1,No 3 Buoy
4,0,year2,No 3 Buoy
5,0,year2,No 3 Buoy
6,0,year2,No 3 Buoy
7,0,year2,No 3 Buoy
8,0,year2,No 3 Buoy
9,0,year2,No 3 Buoy
10,0,year2,No 3 Buoy
11,0,year2,No 3 Buoy
12,0,year2,No 3 Buoy
13,0,year2,No 3 Buoy
14,0,year2,No 3 Buoy
15,0,year2,No 3 Buoy
16,0,year2,No 3 Buoy
17,0,year2,No 3 Buoy
18,0,year2,No 3 Buoy
19,0,year2,No 3 Buoy
20,0,year2,No 3 Buoy
21,0,year2,No 3 Buoy
22,15,year2,No 3 Buoy
23,0,year2,No 3 Buoy
24,61,year2,No 3 Buoy
25,152,year2,No 3 Buoy
26,91,year2,No 3 Buoy
27,289,year2,No 3 Buoy
28,198,year2,No 3 Buoy
29,319,year2,No 3 Buoy
30,137,year2,No 3 Buoy
31,137,year2,No 3 Buoy
32,46,year2,No 3 Buoy
33,30,year2,No 3 Buoy
34,0,year2,No 3 Buoy
35,0,year2,No 3 Buoy
36,15,year2,No 3 Buoy
37,0,year2,No 3 Buoy
38,0,year2,No 3 Buoy
39,0,year2,No 3 Buoy
40,0,year2,No 3 Buoy
41,0,year2,No 3 Buoy
42,0,year2,No 3 Buoy
43,0,year2,No 3 Buoy
44,0,year2,No 3 Buoy
45,0,year2,No 3 Buoy
46,0,year2,No 3 Buoy
47,0,year2,No 3 Buoy
48,0,year2,No 3 Buoy
49,0,year2,No 3 Buoy
50,0,year2,No 3 Buoy
4,0,year0,Salisbury
5,0,year0,Salisbury
6,0,year0,Salisbury
7,0,year0,Salisbury
8,0,year0,Salisbury
9,0,year0,Salisbury
10,0,year0,Salisbury
11,0,year0,Salisbury
12,0,year0,Salisbury
13,0,year0,Salisbury
14,0,year0,Salisbury
15,0,year0,Salisbury
16,0,year0,Salisbury
17,0,year0,Salisbury
18,0,year0,Salisbury
19,0,year0,Salisbury
20,0,year0,Salisbury
21,0,year0,Salisbury
22,0,year0,Salisbury
23,0,year0,Salisbury
24,0,year0,Salisbury
25,0,year0,Salisbury
26,0,year0,Salisbury
27,0,year0,Salisbury
28,0,year0,Salisbury
29,0,year0,Salisbury
30,0,year0,Salisbury
31,0,year0,Salisbury
32,0,year0,Salisbury
33,0,year0,Salisbury
34,0,year0,Salisbury
35,0,year0,Salisbury
36,0,year0,Salisbury
37,0,year0,Salisbury
38,0,year0,Salisbury
39,0,year0,Salisbury
40,0,year0,Salisbury
41,0,year0,Salisbury
42,0,year0,Salisbury
43,0,year0,Salisbury
44,0,year0,Salisbury
45,0,year0,Salisbury
46,0,year0,Salisbury
47,0,year0,Salisbury
48,0,year0,Salisbury
49,0,year0,Salisbury
50,0,year0,Salisbury
4,0,year1,Salisbury
5,0,year1,Salisbury
6,0,year1,Salisbury
7,0,year1,Salisbury
8,0,year1,Salisbury
9,3,year1,Salisbury
10,2,year1,Salisbury
11,7,year1,Salisbury
12,3,year1,Salisbury
13,4,year1,Salisbury
14,4,year1,Salisbury
15,0,year1,Salisbury
16,1,year1,Salisbury
17,0,year1,Salisbury
18,0,year1,Salisbury
19,0,year1,Salisbury
20,0,year1,Salisbury
21,0,year1,Salisbury
22,0,year1,Salisbury
23,1,year1,Salisbury
24,1,year1,Salisbury
25,2,year1,Salisbury
26,1,year1,Salisbury
27,0,year1,Salisbury
28,1,year1,Salisbury
29,0,year1,Salisbury
30,0,year1,Salisbury
31,0,year1,Salisbury
32,0,year1,Salisbury
33,0,year1,Salisbury
34,0,year1,Salisbury
35,0,year1,Salisbury
36,0,year1,Salisbury
37,0,year1,Salisbury
38,0,year1,Salisbury
39,0,year1,Salisbury
40,0,year1,Salisbury
41,0,year1,Salisbury
42,0,year1,Salisbury
43,0,year1,Salisbury
44,0,year1,Salisbury
45,0,year1,Salisbury
46,0,year1,Salisbury
47,0,year1,Salisbury
48,0,year1,Salisbury
49,0,year1,Salisbury
50,0,year1,Salisbury
4,0,year2,Salisbury
5,0,year2,Salisbury
6,0,year2,Salisbury
7,0,year2,Salisbury
8,0,year2,Salisbury
9,0,year2,Salisbury
10,0,year2,Salisbury
11,0,year2,Salisbury
12,0,year2,Salisbury
13,0,year2,Salisbury
14,0,year2,Salisbury
15,0,year2,Salisbury
16,0,year2,Salisbury
17,0,year2,Salisbury
18,0,year2,Salisbury
19,0,year2,Salisbury
20,0,year2,Salisbury
21,0,year2,Salisbury
22,0,year2,Salisbury
23,0,year2,Salisbury
24,0,year2,Salisbury
25,1,year2,Salisbury
26,0,year2,Salisbury
27,2,year2,Salisbury
28,2,year2,Salisbury
29,1,year2,Salisbury
30,2,year2,Salisbury
31,1,year2,Salisbury
32,0,year2,Salisbury
33,0,year2,Salisbury
34,0,year2,Salisbury
35,0,year2,Salisbury
36,0,year2,Salisbury
37,0,year2,Salisbury
38,0,year2,Salisbury
39,0,year2,Salisbury
40,0,year2,Salisbury
41,0,year2,Salisbury
42,0,year2,Salisbury
43,0,year2,Salisbury
44,0,year2,Salisbury
45,0,year2,Salisbury
46,0,year2,Salisbury
47,0,year2,Salisbury
48,0,year2,Salisbury
49,0,year2,Salisbury
50,0,year2,Salisbury
4,0,year0,Salisbury Middle
5,0,year0,Salisbury Middle
6,0,year0,Salisbury Middle
7,0,year0,Salisbury Middle
8,0,year0,Salisbury Middle
9,0,year0,Salisbury Middle
10,0,year0,Salisbury Middle
11,0,year0,Salisbury Middle
12,0,year0,Salisbury Middle
13,0,year0,Salisbury Middle
14,0,year0,Salisbury Middle
15,0,year0,Salisbury Middle
16,0,year0,Salisbury Middle
17,0,year0,Salisbury Middle
18,0,year0,Salisbury Middle
19,0,year0,Salisbury Middle
20,0,year0,Salisbury Middle
21,0,year0,Salisbury Middle
22,0,year0,Salisbury Middle
23,0,year0,Salisbury Middle
24,0,year0,Salisbury Middle
25,0,year0,Salisbury Middle
26,0,year0,Salisbury Middle
27,0,year0,Salisbury Middle
28,0,year0,Salisbury Middle
29,0,year0,Salisbury Middle
30,0,year0,Salisbury Middle
31,0,year0,Salisbury Middle
32,0,year0,Salisbury Middle
33,0,year0,Salisbury Middle
34,0,year0,Salisbury Middle
35,0,year0,Salisbury Middle
36,0,year0,Salisbury Middle
37,0,year0,Salisbury Middle
38,0,year0,Salisbury Middle
39,0,year0,Salisbury Middle
40,0,year0,Salisbury Middle
41,0,year0,Salisbury Middle
42,0,year0,Salisbury Middle
43,0,year0,Salisbury Middle
44,0,year0,Salisbury Middle
45,0,year0,Salisbury Middle
46,0,year0,Salisbury Middle
47,0,year0,Salisbury Middle
48,0,year0,Salisbury Middle
49,0,year0,Salisbury Middle
50,0,year0,Salisbury Middle
4,0,year1,Salisbury Middle
5,0,year1,Salisbury Middle
6,0,year1,Salisbury Middle
7,0,year1,Salisbury Middle
8,0,year1,Salisbury Middle
9,0,year1,Salisbury Middle
10,0,year1,Salisbury Middle
11,0,year1,Salisbury Middle
12,0,year1,Salisbury Middle
13,0,year1,Salisbury Middle
14,1,year1,Salisbury Middle
15,0,year1,Salisbury Middle
16,3,year1,Salisbury Middle
17,0,year1,Salisbury Middle
18,1,year1,Salisbury Middle
19,1,year1,Salisbury Middle
20,2,year1,Salisbury Middle
21,0,year1,Salisbury Middle
22,3,year1,Salisbury Middle
23,0,year1,Salisbury Middle
24,0,year1,Salisbury Middle
25,0,year1,Salisbury Middle
26,0,year1,Salisbury Middle
27,2,year1,Salisbury Middle
28,2,year1,Salisbury Middle
29,1,year1,Salisbury Middle
30,1,year1,Salisbury Middle
31,2,year1,Salisbury Middle
32,2,year1,Salisbury Middle
33,1,year1,Salisbury Middle
34,0,year1,Salisbury Middle
35,0,year1,Salisbury Middle
36,0,year1,Salisbury Middle
37,0,year1,Salisbury Middle
38,0,year1,Salisbury Middle
39,0,year1,Salisbury Middle
40,0,year1,Salisbury Middle
41,0,year1,Salisbury Middle
42,0,year1,Salisbury Middle
43,0,year1,Salisbury Middle
44,0,year1,Salisbury Middle
45,0,year1,Salisbury Middle
46,0,year1,Salisbury Middle
47,0,year1,Salisbury Middle
48,0,year1,Salisbury Middle
49,0,year1,Salisbury Middle
50,0,year1,Salisbury Middle
4,0,year2,Salisbury Middle
5,0,year2,Salisbury Middle
6,0,year2,Salisbury Middle
7,0,year2,Salisbury Middle
8,0,year2,Salisbury Middle
9,0,year2,Salisbury Middle
10,0,year2,Salisbury Middle
11,0,year2,Salisbury Middle
12,0,year2,Salisbury Middle
13,0,year2,Salisbury Middle
14,0,year2,Salisbury Middle
15,0,year2,Salisbury Middle
16,0,year2,Salisbury Middle
17,0,year2,Salisbury Middle
18,0,year2,Salisbury Middle
19,0,year2,Salisbury Middle
20,0,year2,Salisbury Middle
21,0,year2,Salisbury Middle
22,0,year2,Salisbury Middle
23,0,year2,Salisbury Middle
24,0,year2,Salisbury Middle
25,0,year2,Salisbury Middle
26,0,year2,Salisbury Middle
27,0,year2,Salisbury Middle
28,0,year2,Salisbury Middle
29,18,year2,Salisbury Middle
30,4,year2,Salisbury Middle
31,22,year2,Salisbury Middle
32,35,year2,Salisbury Middle
33,89,year2,Salisbury Middle
34,106,year2,Salisbury Middle
35,62,year2,Salisbury Middle
36,27,year2,Salisbury Middle
37,13,year2,Salisbury Middle
38,31,year2,Salisbury Middle
39,18,year2,Salisbury Middle
40,4,year2,Salisbury Middle
41,4,year2,Salisbury Middle
42,0,year2,Salisbury Middle
43,0,year2,Salisbury Middle
44,0,year2,Salisbury Middle
45,0,year2,Salisbury Middle
46,0,year2,Salisbury Middle
47,0,year2,Salisbury Middle
48,0,year2,Salisbury Middle
49,0,year2,Salisbury Middle
50,0,year2,Salisbury Middle
4,0,year0,Talacre
5,0,year0,Talacre
6,0,year0,Talacre
7,0,year0,Talacre
8,0,year0,Talacre
9,0,year0,Talacre
10,0,year0,Talacre
11,0,year0,Talacre
12,0,year0,Talacre
13,0,year0,Talacre
14,0,year0,Talacre
15,0,year0,Talacre
16,0,year0,Talacre
17,0,year0,Talacre
18,0,year0,Talacre
19,0,year0,Talacre
20,0,year0,Talacre
21,0,year0,Talacre
22,0,year0,Talacre
23,0,year0,Talacre
24,0,year0,Talacre
25,0,year0,Talacre
26,0,year0,Talacre
27,0,year0,Talacre
28,0,year0,Talacre
29,0,year0,Talacre
30,0,year0,Talacre
31,0,year0,Talacre
32,0,year0,Talacre
33,0,year0,Talacre
34,0,year0,Talacre
35,0,year0,Talacre
36,0,year0,Talacre
37,0,year0,Talacre
38,0,year0,Talacre
39,0,year0,Talacre
40,0,year0,Talacre
41,0,year0,Talacre
42,0,year0,Talacre
43,0,year0,Talacre
44,0,year0,Talacre
45,0,year0,Talacre
46,0,year0,Talacre
47,0,year0,Talacre
48,0,year0,Talacre
49,0,year0,Talacre
50,0,year0,Talacre
4,0,year1,Talacre
5,0,year1,Talacre
6,0,year1,Talacre
7,0,year1,Talacre
8,0,year1,Talacre
9,0,year1,Talacre
10,0,year1,Talacre
11,1,year1,Talacre
12,2,year1,Talacre
13,2,year1,Talacre
14,0,year1,Talacre
15,2,year1,Talacre
16,0,year1,Talacre
17,4,year1,Talacre
18,4,year1,Talacre
19,5,year1,Talacre
20,9,year1,Talacre
21,2,year1,Talacre
22,2,year1,Talacre
23,2,year1,Talacre
24,0,year1,Talacre
25,2,year1,Talacre
26,0,year1,Talacre
27,0,year1,Talacre
28,0,year1,Talacre
29,0,year1,Talacre
30,0,year1,Talacre
31,0,year1,Talacre
32,0,year1,Talacre
33,0,year1,Talacre
34,0,year1,Talacre
35,0,year1,Talacre
36,0,year1,Talacre
37,0,year1,Talacre
38,0,year1,Talacre
39,0,year1,Talacre
40,0,year1,Talacre
41,0,year1,Talacre
42,0,year1,Talacre
43,0,year1,Talacre
44,0,year1,Talacre
45,0,year1,Talacre
46,0,year1,Talacre
47,0,year1,Talacre
48,0,year1,Talacre
49,0,year1,Talacre
50,0,year1,Talacre
4,0,year2,Talacre
5,0,year2,Talacre
6,0,year2,Talacre
7,0,year2,Talacre
8,0,year2,Talacre
9,0,year2,Talacre
10,0,year2,Talacre
11,0,year2,Talacre
12,0,year2,Talacre
13,0,year2,Talacre
14,0,year2,Talacre
15,0,year2,Talacre
16,0,year2,Talacre
17,0,year2,Talacre
18,3,year2,Talacre
19,7,year2,Talacre
20,3,year2,Talacre
21,8,year2,Talacre
22,2,year2,Talacre
23,1,year2,Talacre
24,5,year2,Talacre
25,7,year2,Talacre
26,8,year2,Talacre
27,8,year2,Talacre
28,5,year2,Talacre
29,1,year2,Talacre
30,2,year2,Talacre
31,0,year2,Talacre
32,0,year2,Talacre
33,0,year2,Talacre
34,0,year2,Talacre
35,0,year2,Talacre
36,0,year2,Talacre
37,0,year2,Talacre
38,0,year2,Talacre
39,0,year2,Talacre
40,0,year2,Talacre
41,0,year2,Talacre
42,0,year2,Talacre
43,0,year2,Talacre
44,0,year2,Talacre
45,0,year2,Talacre
46,0,year2,Talacre
47,0,year2,Talacre
48,0,year2,Talacre
49,0,year2,Talacre
50,0,year2,Talacre
4,0,year0,Thurstaston
5,0,year0,Thurstaston
6,0,year0,Thurstaston
7,0,year0,Thurstaston
8,0,year0,Thurstaston
9,0,year0,Thurstaston
10,0,year0,Thurstaston
11,0,year0,Thurstaston
12,0,year0,Thurstaston
13,0,year0,Thurstaston
14,0,year0,Thurstaston
15,0,year0,Thurstaston
16,0,year0,Thurstaston
17,0,year0,Thurstaston
18,0,year0,Thurstaston
19,0,year0,Thurstaston
20,0,year0,Thurstaston
21,0,year0,Thurstaston
22,0,year0,Thurstaston
23,0,year0,Thurstaston
24,0,year0,Thurstaston
25,0,year0,Thurstaston
26,0,year0,Thurstaston
27,0,year0,Thurstaston
28,0,year0,Thurstaston
29,0,year0,Thurstaston
30,0,year0,Thurstaston
31,0,year0,Thurstaston
32,0,year0,Thurstaston
33,0,year0,Thurstaston
34,0,year0,Thurstaston
35,0,year0,Thurstaston
36,0,year0,Thurstaston
37,0,year0,Thurstaston
38,0,year0,Thurstaston
39,0,year0,Thurstaston
40,0,year0,Thurstaston
41,0,year0,Thurstaston
42,0,year0,Thurstaston
43,0,year0,Thurstaston
44,0,year0,Thurstaston
45,0,year0,Thurstaston
46,0,year0,Thurstaston
47,0,year0,Thurstaston
48,0,year0,Thurstaston
49,0,year0,Thurstaston
50,0,year0,Thurstaston
4,0,year1,Thurstaston
5,0,year1,Thurstaston
6,0,year1,Thurstaston
7,0,year1,Thurstaston
8,0,year1,Thurstaston
9,3,year1,Thurstaston
10,0,year1,Thurstaston
11,0,year1,Thurstaston
12,7,year1,Thurstaston
13,3,year1,Thurstaston
14,0,year1,Thurstaston
15,3,year1,Thurstaston
16,13,year1,Thurstaston
17,33,year1,Thurstaston
18,23,year1,Thurstaston
19,40,year1,Thurstaston
20,53,year1,Thurstaston
21,46,year1,Thurstaston
22,43,year1,Thurstaston
23,23,year1,Thurstaston
24,20,year1,Thurstaston
25,13,year1,Thurstaston
26,7,year1,Thurstaston
27,0,year1,Thurstaston
28,0,year1,Thurstaston
29,0,year1,Thurstaston
30,0,year1,Thurstaston
31,0,year1,Thurstaston
32,0,year1,Thurstaston
33,0,year1,Thurstaston
34,0,year1,Thurstaston
35,0,year1,Thurstaston
36,0,year1,Thurstaston
37,0,year1,Thurstaston
38,0,year1,Thurstaston
39,0,year1,Thurstaston
40,0,year1,Thurstaston
41,0,year1,Thurstaston
42,0,year1,Thurstaston
43,0,year1,Thurstaston
44,0,year1,Thurstaston
45,0,year1,Thurstaston
46,0,year1,Thurstaston
47,0,year1,Thurstaston
48,0,year1,Thurstaston
49,0,year1,Thurstaston
50,0,year1,Thurstaston
4,0,year2,Thurstaston
5,0,year2,Thurstaston
6,0,year2,Thurstaston
7,0,year2,Thurstaston
8,0,year2,Thurstaston
9,0,year2,Thurstaston
10,0,year2,Thurstaston
11,0,year2,Thurstaston
12,0,year2,Thurstaston
13,0,year2,Thurstaston
14,0,year2,Thurstaston
15,0,year2,Thurstaston
16,0,year2,Thurstaston
17,0,year2,Thurstaston
18,0,year2,Thurstaston
19,0,year2,Thurstaston
20,0,year2,Thurstaston
21,0,year2,Thurstaston
22,0,year2,Thurstaston
23,0,year2,Thurstaston
24,0,year2,Thurstaston
25,0,year2,Thurstaston
26,3,year2,Thurstaston
27,6,year2,Thurstaston
28,3,year2,Thurstaston
29,4,year2,Thurstaston
30,2,year2,Thurstaston
31,4,year2,Thurstaston
32,1,year2,Thurstaston
33,2,year2,Thurstaston
34,0,year2,Thurstaston
35,0,year2,Thurstaston
36,0,year2,Thurstaston
37,0,year2,Thurstaston
38,0,year2,Thurstaston
39,0,year2,Thurstaston
40,0,year2,Thurstaston
41,0,year2,Thurstaston
42,0,year2,Thurstaston
43,0,year2,Thurstaston
44,0,year2,Thurstaston
45,0,year2,Thurstaston
46,0,year2,Thurstaston
47,0,year2,Thurstaston
48,0,year2,Thurstaston
49,0,year2,Thurstaston
50,0,year2,Thurstaston
4,0,year0,West Kirby
5,0,year0,West Kirby
6,0,year0,West Kirby
7,0,year0,West Kirby
8,0,year0,West Kirby
9,0,year0,West Kirby
10,0,year0,West Kirby
11,0,year0,West Kirby
12,0,year0,West Kirby
13,0,year0,West Kirby
14,0,year0,West Kirby
15,0,year0,West Kirby
16,0,year0,West Kirby
17,0,year0,West Kirby
18,0,year0,West Kirby
19,0,year0,West Kirby
20,0,year0,West Kirby
21,0,year0,West Kirby
22,0,year0,West Kirby
23,0,year0,West Kirby
24,0,year0,West Kirby
25,0,year0,West Kirby
26,0,year0,West Kirby
27,0,year0,West Kirby
28,0,year0,West Kirby
29,0,year0,West Kirby
30,0,year0,West Kirby
31,0,year0,West Kirby
32,0,year0,West Kirby
33,0,year0,West Kirby
34,0,year0,West Kirby
35,0,year0,West Kirby
36,0,year0,West Kirby
37,0,year0,West Kirby
38,0,year0,West Kirby
39,0,year0,West Kirby
40,0,year0,West Kirby
41,0,year0,West Kirby
42,0,year0,West Kirby
43,0,year0,West Kirby
44,0,year0,West Kirby
45,0,year0,West Kirby
46,0,year0,West Kirby
47,0,year0,West Kirby
48,0,year0,West Kirby
49,0,year0,West Kirby
50,0,year0,West Kirby
4,0,year1,West Kirby
5,0,year1,West Kirby
6,0,year1,West Kirby
7,0,year1,West Kirby
8,0,year1,West Kirby
9,0,year1,West Kirby
10,0,year1,West Kirby
11,0,year1,West Kirby
12,0,year1,West Kirby
13,0,year1,West Kirby
14,0,year1,West Kirby
15,0,year1,West Kirby
16,26,year1,West Kirby
17,128,year1,West Kirby
18,205,year1,West Kirby
19,409,year1,West Kirby
20,716,year1,West Kirby
21,409,year1,West Kirby
22,460,year1,West Kirby
23,307,year1,West Kirby
24,128,year1,West Kirby
25,51,year1,West Kirby
26,26,year1,West Kirby
27,0,year1,West Kirby
28,0,year1,West Kirby
29,0,year1,West Kirby
30,0,year1,West Kirby
31,0,year1,West Kirby
32,0,year1,West Kirby
33,0,year1,West Kirby
34,0,year1,West Kirby
35,0,year1,West Kirby
36,0,year1,West Kirby
37,0,year1,West Kirby
38,0,year1,West Kirby
39,0,year1,West Kirby
40,0,year1,West Kirby
41,0,year1,West Kirby
42,0,year1,West Kirby
43,0,year1,West Kirby
44,0,year1,West Kirby
45,0,year1,West Kirby
46,0,year1,West Kirby
47,0,year1,West Kirby
48,0,year1,West Kirby
49,0,year1,West Kirby
50,0,year1,West Kirby
4,0,year2,West Kirby
5,0,year2,West Kirby
6,0,year2,West Kirby
7,0,year2,West Kirby
8,0,year2,West Kirby
9,0,year2,West Kirby
10,0,year2,West Kirby
11,0,year2,West Kirby
12,0,year2,West Kirby
13,0,year2,West Kirby
14,0,year2,West Kirby
15,0,year2,West Kirby
16,0,year2,West Kirby
17,0,year2,West Kirby
18,16,year2,West Kirby
19,13,year2,West Kirby
20,31,year2,West Kirby
21,31,year2,West Kirby
22,34,year2,West Kirby
23,42,year2,West Kirby
24,44,year2,West Kirby
25,21,year2,West Kirby
26,13,year2,West Kirby
27,13,year2,West Kirby
28,8,year2,West Kirby
29,5,year2,West Kirby
30,5,year2,West Kirby
31,8,year2,West Kirby
32,0,year2,West Kirby
33,0,year2,West Kirby
34,3,year2,West Kirby
35,0,year2,West Kirby
36,0,year2,West Kirby
37,3,year2,West Kirby
38,3,year2,West Kirby
39,0,year2,West Kirby
40,0,year2,West Kirby
41,0,year2,West Kirby
42,0,year2,West Kirby
43,0,year2,West Kirby
44,0,year2,West Kirby
45,0,year2,West Kirby
46,0,year2,West Kirby
47,0,year2,West Kirby
48,0,year2,West Kirby
49,0,year2,West Kirby
50,0,year2,West Kirby